id,siteUrl,format,status,source,countryOfOrigin,isAdult,isLicensed,season,seasonYear,seasonInt,episodes,duration,averageScore,meanScore,popularity,favourites,trending,hashtag,description,updatedAt,bannerImage,nextAiringEpisode,mal_id,title_romaji,title_english,title_native,synonyms,start_date,end_date,genres,tags,n_tags,studios_main,studios_other,relations,external_sites,rankings,score_distribution,status_distribution,trends_first_day,trends_first_rows,cover_image,cover_color,trailer,next_airing_episode,staff_top,characters_top
21349,https://anilist.co/anime/21349,TV,FINISHED,MANGA,JP,False,True,FALL,2016.0,164.0,25,24,66.0,66,26095,232,0,#allout_anime,"Gion Kenji is short and perpetually pissed off about it. Iwashimizu Sumiaki is tall but timid. Although it's bullies that bring this unlikely pair together on the first day of high school, it's the rugby club that will make them friends.",1791403327,https://s4.anilist.co/file/anilistcdn/media/anime/banner/21349-xW0QyvN2ZFdF.jpg,,31588,ALL OUT!!,All Out!!,ALL OUT!!,オールアウト!!,2016-10-07,2017-03-31,Sports,Primarily Male Cast:90; Rugby:88; Male Protagonist:79; School Club:79; School:60; Seinen:40; Cute Boys Doing Cute Things:20,7,MADHOUSE; TMS Entertainment,Kodansha; Telecom Animation Film; Asmik Ace; Mainichi Broadcasting System; Sony Music Entertainment; TMS Music,ADAPTATION:MANGA:70739,Official Site; Twitter,#81 highest rated  2016; #88 most popular  2016; #22 highest rated FALL 2016; #22 most popular FALL 2016,"{""10"": 86, ""20"": 98, ""30"": 244, ""40"": 471, ""50"": 1145, ""60"": 1810, ""70"": 2879, ""80"": 1782, ""90"": 844, ""100"": 442}","{""CURRENT"": 1645, ""PLANNING"": 7236, ""COMPLETED"": 13208, ""DROPPED"": 2821, ""PAUSED"": 1185}",2015-09-11,"[{""date"": ""2015-09-11"", ""popularity"": null, ""trending"": 12, ""averageScore"": null, ""inProgress"": null, ""releasing"": false, ""episode"": null}, {""date"": ""2015-09-12"", ""popularity"": null, ""trending"": 16, ""averageScore"": null, ""inProgress"": null, ""releasing"": false, ""episode"": null}, {""date"": ""2015-09-13"", ""popularity"": null, ""trending"": 7, ""averageScore"": null, ""inProgress"": null, ""releasing"": false, ""episode"": null}]",https://s4.anilist.co/file/anilistcdn/media/anime/cover/medium/bx21349-J2C50KiPF5Rv.png,#e44335,youtube:9JrG5mXMiBg,,Original Creator=Shiori Amase; Director=Kenichi Shimizu; Assistant Director=Shinichirou Ushijima; Series Composition=Masahiro Yokotani; Character Design=Masanori Shino,MAIN=Kenji Gion; MAIN=Sumiaki Iwashimizu; SUPPORTING=Takuya Sekizan
21390,https://anilist.co/anime/21390,TV,FINISHED,LIGHT_NOVEL,JP,False,True,SPRING,2016.0,162.0,12,24,67.0,67,104726,1034,0,#asteriskwar,"Less than a century ago a meteor collided with the planet's surface and the resulting disaster caused the next generation of humanity to develop a wide variety of amazing abilities. In the center of the meteor's crater lies Rikka, a system of six academies known as the Asterisk. Ayato Amagiri enters the Asterisk as a transfer student hoping to compete in a special battle event known as the Festa. However, he quickly finds himself on the bad side of one of the strongest fighters around—the beautiful but fiery Julis-Alexa von Riessfeld. To stand against her he'll have to rely on his own sword-wielding ability, but when the tables turn, will they be able to team up to take down the competition?
<br><br>
(Source: Anime News Network)",1791424540,https://s4.anilist.co/file/anilistcdn/media/anime/banner/21390-Sc4OlDjVKATs.jpg,,31737,Gakusen Toshi Asterisk 2,The Asterisk War 2,学戦都市アスタリスク 2,,2016-04-02,2016-06-18,Action; Comedy; Ecchi; Fantasy; Romance; Sci-Fi,Male Protagonist:85; Urban Fantasy:79; School:79; Magic:76; Female Harem:70; Primarily Teen Cast:60; Artificial Intelligence:40; Female Protagonist:40; Robots:40; Guns:40; Twins:20; Henshin:20; Chimera:20; School Club:20; CGI:10,15,A-1 Pictures,flying DOG; Aniplex; Movic; Animax,PREQUEL:ANIME:30544; ADAPTATION:MANGA:51459; ALTERNATIVE:MANGA:48369,Crunchyroll; Hulu; Official Site; Twitter,#77 highest rated  2016; #33 most popular  2016; #25 highest rated SPRING 2016; #12 most popular SPRING 2016,"{""10"": 621, ""20"": 670, ""30"": 1315, ""40"": 2230, ""50"": 4794, ""60"": 8961, ""70"": 15056, ""80"": 10080, ""90"": 4583, ""100"": 2550}","{""CURRENT"": 3395, ""PLANNING"": 12152, ""COMPLETED"": 85770, ""DROPPED"": 2015, ""PAUSED"": 1394}",2015-09-29,"[{""date"": ""2015-09-29"", ""popularity"": null, ""trending"": 32, ""averageScore"": null, ""inProgress"": null, ""releasing"": false, ""episode"": null}, {""date"": ""2015-09-30"", ""popularity"": null, ""trending"": 13, ""averageScore"": null, ""inProgress"": null, ""releasing"": false, ""episode"": null}, {""date"": ""2015-10-01"", ""popularity"": null, ""trending"": 8, ""averageScore"": null, ""inProgress"": null, ""releasing"": false, ""episode"": null}]",https://s4.anilist.co/file/anilistcdn/media/anime/cover/medium/bx21390-5MedgrU15Twy.jpg,#93d6e4,youtube:28pD4wkg5vM,,Original Creator=Yuu Miyazaki; Original Character Design=okiura; Chief Director=Manabu Ono; Director=Kenji Setou; Character Design=Tetsuya Kawakami,MAIN=Julis Alexia von Riessfeld; MAIN=Ayato Amagiri; MAIN=Kirin Toudou
21459,https://anilist.co/anime/21459,TV,FINISHED,MANGA,JP,False,True,SPRING,2016.0,162.0,13,24,76.0,76,880231,29476,10,#heroaca_a,"What would the world be like if 80 percent of the population manifested extraordinary superpowers called “Quirks” at age four? Heroes and villains would be battling it out everywhere! Becoming a hero would mean learning to use your power, but where would you go to study? U.A. High's Hero Program of course! But what would you do if you were one of the 20 percent who were born Quirkless?<br><br>

Middle school student Izuku Midoriya wants to be a hero more than anything, but he hasn't got an ounce of power in him. With no chance of ever getting into the prestigious U.A. High School for budding heroes, his life is looking more and more like a dead end. Then an encounter with All Might, the greatest hero of them all gives him a chance to change his destiny…<br><br>

(Source: VIZ Media)",1791424816,https://s4.anilist.co/file/anilistcdn/media/anime/banner/21459-yeVkolGKdGUV.jpg,,31964,Boku no Hero Academia,My Hero Academia,僕のヒーローアカデミア,BNHA; MHA; 나의 히어로 아카데미아 1기; 나히아 1기; אקדמיית הגיבורים שלי; 我的英雄学院; มายฮีโร่ อคาเดเมีย; أكاديميتي للأبطال; Η Δική Μου Ακαδημία Ηρώων; Akademia bohaterów; Моя геройская академия; Hősakadémia; Học Viện Anh Hùng,2016-04-03,2016-06-26,Action; Adventure; Comedy,Super Power:98; Superhero:97; Shounen:90; Primarily Teen Cast:87; Male Protagonist:86; Crime:84; School:82; Rescue:80; Urban Fantasy:78; Ensemble Cast:76; Bullying:65; Primarily Male Cast:62; Cultivation:53,13,bones,Dentsu; Mainichi Broadcasting System; Toho; Movic,ADAPTATION:MANGA:75989; SEQUEL:ANIME:33486; SIDE_STORY:ANIME:33929; SPIN_OFF:ANIME:60593,Crunchyroll; Hulu; Netflix; Official Site; Twitter; iQ,#5 most popular all time; #23 highest rated  2016; #1 most popular  2016; #7 highest rated SPRING 2016; #1 most popular SPRING 2016,"{""10"": 3214, ""20"": 1581, ""30"": 3655, ""40"": 6401, ""50"": 18846, ""60"": 38291, ""70"": 101821, ""80"": 145594, ""90"": 100149, ""100"": 58501}","{""CURRENT"": 54978, ""PLANNING"": 66535, ""COMPLETED"": 724870, ""DROPPED"": 19124, ""PAUSED"": 14724}",2015-10-28,"[{""date"": ""2015-10-28"", ""popularity"": null, ""trending"": 29, ""averageScore"": null, ""inProgress"": null, ""releasing"": false, ""episode"": null}, {""date"": ""2015-10-29"", ""popularity"": null, ""trending"": 17, ""averageScore"": null, ""inProgress"": null, ""releasing"": false, ""episode"": null}, {""date"": ""2015-10-30"", ""popularity"": null, ""trending"": 13, ""averageScore"": null, ""inProgress"": null, ""releasing"": false, ""episode"": null}]",https://s4.anilist.co/file/anilistcdn/media/anime/cover/medium/bx21459-nYh85uj2Fuwr.jpg,#f1d643,youtube:AhqVltWDqFA,,Original Creator=Kouhei Horikoshi; Director=Kenji Nagasaki; Assistant Director=Shouhei Miyake ; Series Composition=Yousuke Kuroda; Literary Arts Assistance=Hitoshi Nagai,MAIN=Katsuki Bakugou; MAIN=Izuku Midoriya; MAIN=Ochako Uraraka
21476,https://anilist.co/anime/21476,TV,FINISHED,VIDEO_GAME,JP,False,True,FALL,2016.0,164.0,12,24,69.0,69,10379,99,0,#SB69A,"Metropolis of music, MIDICITY. A kitty girl wearing gothic lolita clothing named Cyan is scouted by Maple Arisugawa, the president of a music agency. From there, she meets Chuchu (a pun off of the sound that rabbits make) the honor student rabbit girl, a net geek dog girl named Retoree (from ""Retriever""), and an alien sheep (?) girl named Moa. Together, they form the band named ""Plasmagica,"" and aim for the top of the world.
<br><br>
However, the path there is long and tough, and keeping in high spirits is important. By battling against other strange bands, Plasmagica slowly grows toward a top-grade band. In the end, they'll be a band that becomes the driving force of MIDICITY's music industry... Maybe?
<br><br>
Gonna be a music millionaire!
<br><br>
(Source: Anime News Network)",1791421308,https://s4.anilist.co/file/anilistcdn/media/anime/banner/21476-pb4IZU2Dryvq.jpg,,32038,SHOW BY ROCK!!#,Show By Rock!!#,SHOW BY ROCK!!#,Show by Rock!! 2,2016-10-02,2016-12-18,Comedy; Fantasy; Music,Band:100; Kemonomimi:84; Isekai:80; Rock Music:79; Female Protagonist:75; Ensemble Cast:70; Aliens:70; Nekomimi:68; Primarily Female Cast:66; Idol:60; Super Robot:60; Yuri:50; CGI:44,13,bones,Sanrio,PREQUEL:ANIME:27441; SIDE_STORY:ANIME:32039; SEQUEL:ANIME:40763,Crunchyroll; Official Site; Twitter,#64 highest rated  2016; #17 highest rated FALL 2016,"{""10"": 39, ""20"": 18, ""30"": 57, ""40"": 140, ""50"": 346, ""60"": 616, ""70"": 997, ""80"": 693, ""90"": 386, ""100"": 254}","{""CURRENT"": 541, ""PLANNING"": 3717, ""COMPLETED"": 5334, ""DROPPED"": 407, ""PAUSED"": 380}",2015-11-09,"[{""date"": ""2015-11-09"", ""popularity"": null, ""trending"": 13, ""averageScore"": null, ""inProgress"": null, ""releasing"": false, ""episode"": null}, {""date"": ""2015-11-10"", ""popularity"": null, ""trending"": 5, ""averageScore"": null, ""inProgress"": null, ""releasing"": false, ""episode"": null}, {""date"": ""2015-11-11"", ""popularity"": null, ""trending"": 2, ""averageScore"": null, ""inProgress"": null, ""releasing"": false, ""episode"": null}]",https://s4.anilist.co/file/anilistcdn/media/anime/cover/medium/bx21476-nLwZ0ilkBEex.png,#f1f15d,youtube:3tPiLCp6tSM,,"Director=Takahiro Ikezoe; Series Composition=Touko Machida; Theme Song Performance (OP, ED)=Plasmagica; Theme Song Performance (OP, ED)=Ayane Sakura; Theme Song Performance (OP, ED)=Eri Inagawa",MAIN=Retoree; MAIN=Moa; MAIN=Chuchu
21820,https://anilist.co/anime/21820,TV,FINISHED,ORIGINAL,JP,False,True,FALL,2016.0,164.0,52,24,62.0,63,4932,88,0,#デジモン #digimon,"Everyone in the world uses smartphone apps. But inside them lurks unknown creatures called ""Appli Monsters,"" or ""Appmon."" The Appmon are AI lifeforms with the ability to think and act, and exist in the boundary between the human world and digital space to allow people and the system to interface and function. But in the vast sea of the internet, the ""last boss AI"" Leviathan takes control of the Appmon with a virus and begins hacking every system, thus starting to control the human world from the world of the net.<br><br>

The protagonist, Haru Shinkai, is led to acquire the Appli Drive, and uses it to materialize Gatchmon, a search app monster. What is the secret hidden within the Appli Drive? What is the mysterious field that exists between net world where the Appmon exist, and the real world? What is the ""App Combine"" that can combine two Appmons? What is Leviathan's true goal?<br><br>

(Source: Official Website)",1791398634,https://s4.anilist.co/file/anilistcdn/media/anime/banner/21820-V6uWt9q4joXG.jpg,,33314,Digimon Universe: Appli Monsters,Digimon Universe App Monsters,デジモンユニバース アプリモンスターズ,,2016-10-01,2017-09-30,Action; Adventure; Comedy; Drama; Fantasy; Sci-Fi,Artificial Intelligence:80; Kids:79; Boys' Love:79; Virtual World:73; Male Protagonist:73; Primarily Child Cast:70; Robots:60; Henshin:45; Anthropomorphism:40; Proxy Battle:40; Kaiju:40; CGI:33; Crossdressing:20,13,Toei Animation,,PARENT:ANIME:552; ALTERNATIVE:MANGA:100767; SPIN_OFF:MANGA:None,Crunchyroll; Official Site; Twitter,,"{""10"": 46, ""20"": 35, ""30"": 88, ""40"": 114, ""50"": 186, ""60"": 301, ""70"": 263, ""80"": 250, ""90"": 171, ""100"": 89}","{""CURRENT"": 401, ""PLANNING"": 1545, ""COMPLETED"": 2129, ""DROPPED"": 551, ""PAUSED"": 306}",2016-05-20,"[{""date"": ""2016-05-20"", ""popularity"": null, ""trending"": 2, ""averageScore"": null, ""inProgress"": null, ""releasing"": false, ""episode"": null}, {""date"": ""2016-05-21"", ""popularity"": null, ""trending"": 2, ""averageScore"": null, ""inProgress"": null, ""releasing"": false, ""episode"": null}, {""date"": ""2016-05-25"", ""popularity"": null, ""trending"": 2, ""averageScore"": null, ""inProgress"": null, ""releasing"": false, ""episode"": null}]",https://s4.anilist.co/file/anilistcdn/media/anime/cover/medium/bx21820-IfERHl3aYZgq.jpg,#28c9f1,,,Original Creator=Akiyoshi Hongou; Director=Gou Koga; Character Design=Kenichi Oonuki; Music=Koutarou Nakagawa; Theme Song Performance (OP 1)=Amatsuki,MAIN=Hackmon; MAIN=Dokamon; MAIN=Haru Shinkai
104004,https://anilist.co/anime/104004,TV_SHORT,FINISHED,VIDEO_GAME,JP,False,True,FALL,2018.0,184.0,26,15,,36,230,0,0,,"The story centers on the cats Hopi, Toto, and Mao, who set out on the ocean in search of a place to establish a new town. The three friends plan to find the mysterious ""Island of Stars."" When they happen to chance upon it, they immediately get to work developing the island, but encounter many difficulties in their task.
<br><br>
(Source: Anime News Network)",1791383190,,,38147,Hoshi no Shima no Nyanko,,ほしの島のにゃんこ,,2018-10-06,2019-03-30,Adventure; Slice of Life,Animals:20,1,Animation Planet,,,,#12 most popular FALL 2018,"{""10"": 6, ""20"": 11, ""30"": 2, ""40"": 2, ""50"": 4, ""60"": 1, ""70"": 1, ""80"": 1, ""100"": 3}","{""CURRENT"": 17, ""PLANNING"": 95, ""COMPLETED"": 62, ""DROPPED"": 50, ""PAUSED"": 6}",2018-08-26,"[{""date"": ""2018-08-26"", ""popularity"": 0, ""trending"": 1, ""averageScore"": null, ""inProgress"": null, ""releasing"": false, ""episode"": null}, {""date"": ""2018-08-28"", ""popularity"": 2, ""trending"": 1, ""averageScore"": 0, ""inProgress"": null, ""releasing"": false, ""episode"": null}, {""date"": ""2018-08-30"", ""popularity"": 3, ""trending"": 1, ""averageScore"": 0, ""inProgress"": null, ""releasing"": false, ""episode"": null}]",https://s4.anilist.co/file/anilistcdn/media/anime/cover/medium/104004-2EQv0eFHBrGJ.jpg,#d6e45d,,,Director=Tomomi Maruyama; Series Composition=Mariko Kunisawa; Music Director=Hiromi Kamekawa,
107346,https://anilist.co/anime/107346,TV,FINISHED,VIDEO_GAME,JP,False,True,FALL,2019.0,194.0,12,24,66.0,66,19501,174,0,#アニメグラブル,"A young boy, yearning to take to the skies and reach the Island of the Astrals, suddenly found both his life and his fate linked to a mysterious, blue-haired girl.<br><br>
 
They set off on a skyward journey, meeting trusted friends, crewmates, and the massive airship to be their wings along the way. While evading the clutches of the empire and facing off against fearsome primal beasts, the duo felt their bond deepening—their lives changing. <br><br>
 
But despite these tribulations, they're still a long way away from their elusive destination. <br><br>
 
The boy and girl, accompanied by fellow seekers of adventure, depart once more into the vast blue skies.<br><br>(Source: Crunchyroll)",1791424540,https://s4.anilist.co/file/anilistcdn/media/anime/banner/107346-hR3d4HR7zFuX.jpg,,36587,GRANBLUE FANTASY The Animation Season 2,Granblue Fantasy: The Animation Season 2,GRANBLUE FANTASY The Animation Season 2,グランブルーファンタジー The Animation (新作),2019-10-05,2019-12-28,Adventure; Fantasy,Magic:92; Gods:88; Ensemble Cast:85; Shounen:79; Aviation:60; Swordplay:60; Yandere:55; Zombie:20,8,MAPPA,Cygames,PREQUEL:ANIME:31629; SIDE_STORY:ANIME:40873,Crunchyroll; Official Site; Twitter,#74 highest rated  2019; #89 most popular  2019; #22 highest rated FALL 2019; #29 most popular FALL 2019,"{""10"": 56, ""20"": 50, ""30"": 99, ""40"": 230, ""50"": 604, ""60"": 1215, ""70"": 1732, ""80"": 837, ""90"": 453, ""100"": 242}","{""CURRENT"": 1503, ""PLANNING"": 7643, ""COMPLETED"": 8815, ""DROPPED"": 874, ""PAUSED"": 666}",2019-01-20,"[{""date"": ""2019-01-20"", ""popularity"": 0, ""trending"": 10, ""averageScore"": null, ""inProgress"": null, ""releasing"": false, ""episode"": null}, {""date"": ""2019-01-21"", ""popularity"": 12, ""trending"": 16, ""averageScore"": 0, ""inProgress"": null, ""releasing"": false, ""episode"": null}, {""date"": ""2019-01-22"", ""popularity"": 28, ""trending"": 2, ""averageScore"": 0, ""inProgress"": null, ""releasing"": false, ""episode"": null}]",https://s4.anilist.co/file/anilistcdn/media/anime/cover/medium/bx107346-KZQFFzxrCH3g.jpg,#f1c978,youtube:rZ0Di2UVn2I,,Original Creator=Cygames; Director=Yui Miura; Series Composition=Kiyoko Yoshimura; Character Design=Fumihide Sai; Art Director=Nobuhito Sue,MAIN=Lyria; MAIN=Katalina Alize; MAIN=Vyrn
110178,https://anilist.co/anime/110178,TV_SHORT,FINISHED,ORIGINAL,JP,False,True,WINTER,2020.0,201.0,12,12,72.0,72,68400,655,0,#いせかる,"Your favorite isekai characters return for more exciting crossovers in our everyday world! This time the Shield Hero joins in, and he’s brought Raphtalia and Filo along with him. What kind of shenanigans will the crews of Re:Zero, Overlord, KonoSuba, Saga of Tanya the Evil, and now, The Rising of the Shield Hero get into together?<br><br>
(Source: Funimation)",1791410551,https://s4.anilist.co/file/anilistcdn/media/anime/banner/110178-aJO1FmMm1o3q.jpg,,39988,Isekai Quartet 2,Isekai Quartet 2,異世界かるてっと 2,Квартет попаданцев 2,2020-01-15,2020-04-01,Comedy; Fantasy; Slice of Life,Crossover:100; Isekai:96; Ensemble Cast:96; Chibi:92; Parody:87; School:84; Urban Fantasy:79; Magic:63; Female Protagonist:60; Male Protagonist:60; Demons:60; Military:60; Skeleton:52; Monster Girl:50; Gods:50; Twins:50; Elf:45; Vampire:45; Kuudere:40; Maids:40; Succubus:36; Flash:20,22,Studio PuYUKAI,,PREQUEL:ANIME:38472; CHARACTER:ANIME:29803; CHARACTER:ANIME:31240; CHARACTER:ANIME:30831; CHARACTER:ANIME:32615; CHARACTER:ANIME:35790; CHARACTER:ANIME:38659; SEQUEL:ANIME:41567,Bilibili TV; Crunchyroll; Official Site; Twitter; YouTube,#27 highest rated all time; #11 most popular all time; #3 highest rated  2020; #1 most popular  2020; #2 highest rated WINTER 2020; #1 most popular WINTER 2020,"{""10"": 157, ""20"": 122, ""30"": 284, ""40"": 568, ""50"": 2041, ""60"": 4384, ""70"": 11151, ""80"": 9136, ""90"": 3808, ""100"": 1957}","{""CURRENT"": 3337, ""PLANNING"": 10543, ""COMPLETED"": 51621, ""DROPPED"": 1494, ""PAUSED"": 1405}",2019-06-25,"[{""date"": ""2019-06-25"", ""popularity"": 0, ""trending"": 1797, ""averageScore"": null, ""inProgress"": null, ""releasing"": false, ""episode"": null}, {""date"": ""2019-06-26"", ""popularity"": 396, ""trending"": 305, ""averageScore"": 0, ""inProgress"": 7, ""releasing"": false, ""episode"": null}, {""date"": ""2019-06-27"", ""popularity"": 1806, ""trending"": 119, ""averageScore"": 0, ""inProgress"": 28, ""releasing"": false, ""episode"": null}]",https://s4.anilist.co/file/anilistcdn/media/anime/cover/medium/bx110178-UhigZiRQVwLf.jpg,#ffc943,youtube:DgAW7Nlcqlw,,Original Creator=Natsume Akatsuki; Original Creator=Carlo Zen; Original Creator=Aneko Yusagi; Original Creator=Light Tsuchihi; Original Creator=Kugane Maruyama,MAIN=Emilia; MAIN=Subaru Natsuki; MAIN=Momonga
110788,https://anilist.co/anime/110788,TV,FINISHED,OTHER,JP,False,True,FALL,2019.0,194.0,50,24,67.0,73,1675,20,0,#ゾイドワイルドZERO,Second season of <i>Zoids Wild</i>.,1791379895,,,40166,Zoids Wild ZERO,,ゾイドワイルド ZERO,,2019-10-04,2020-10-16,Action; Adventure; Comedy; Mecha; Sci-Fi,Real Robot:60,1,OLM,Takara Tomy,ALTERNATIVE:MANGA:112949; PREQUEL:ANIME:37395; ALTERNATIVE:MANGA:124824; PARENT:ANIME:42885; SEQUEL:ANIME:42885,Official Site; Twitter,#68 highest rated  2019; #20 highest rated FALL 2019,"{""10"": 17, ""20"": 10, ""30"": 10, ""40"": 8, ""50"": 18, ""60"": 29, ""70"": 18, ""80"": 11, ""90"": 33, ""100"": 87}","{""CURRENT"": 228, ""PLANNING"": 969, ""COMPLETED"": 301, ""DROPPED"": 117, ""PAUSED"": 60}",2019-07-30,"[{""date"": ""2019-07-30"", ""popularity"": 0, ""trending"": 1, ""averageScore"": null, ""inProgress"": null, ""releasing"": false, ""episode"": null}, {""date"": ""2019-07-31"", ""popularity"": 2, ""trending"": 7, ""averageScore"": 0, ""inProgress"": 1, ""releasing"": false, ""episode"": null}, {""date"": ""2019-08-01"", ""popularity"": 10, ""trending"": 4, ""averageScore"": 0, ""inProgress"": 1, ""releasing"": false, ""episode"": null}]",https://s4.anilist.co/file/anilistcdn/media/anime/cover/medium/bx110788-2CGGh39Z2yUJ.png,#e4781a,youtube:ZHUjY0Rxfao,,Director=Takao Kato; Series Composition=Kenichi Araki; Character Design=Tadashi Sakazaki; Sound Director=Hiroki Matsuoka; Music=Yoshihisa Hirano,MAIN=Leo Conrad; MAIN=Buzz Cunningham; MAIN=Christopher Giller
121199,https://anilist.co/anime/121199,ONA,FINISHED,ORIGINAL,CN,False,True,,,,52,12,,46,85,1,0,,"The second season of <i>Jingju Mao</i>.
",1790768698,,,42144,Jinju Mao: Xinnian de Maoxian,Jing-Ju Cats 2,京剧猫之信念的冒险,Beijing Opera Cats 2,2017-07-10,2017-08-14,Action; Adventure; Comedy; Fantasy,,0,Dazzling Star,,PREQUEL:ANIME:None; SEQUEL:ANIME:42146,Bilibili; Official Site; Tencent Video,,"{""30"": 1, ""40"": 11, ""50"": 2, ""70"": 2, ""80"": 1, ""100"": 1}","{""CURRENT"": 5, ""PLANNING"": 26, ""COMPLETED"": 33, ""DROPPED"": 21, ""PAUSED"": 0}",2020-07-12,"[{""date"": ""2020-07-12"", ""popularity"": 0, ""trending"": 3, ""averageScore"": null, ""inProgress"": null, ""releasing"": false, ""episode"": null}, {""date"": ""2020-07-13"", ""popularity"": 3, ""trending"": 1, ""averageScore"": 0, ""inProgress"": null, ""releasing"": false, ""episode"": null}, {""date"": ""2020-07-15"", ""popularity"": 4, ""trending"": 2, ""averageScore"": 0, ""inProgress"": null, ""releasing"": false, ""episode"": null}]",https://s4.anilist.co/file/anilistcdn/media/anime/cover/medium/bx121199-p3YA6OPNRut6.jpg,#f1500d,youtube:GUueGHJDbBw,,,
