season,quintile,n,has_mal_id,any_pre_air,row_by_day_-30,row_by_day_-90,median_days_tracked_pre_air,median_missing_days,has_popularity_1y
2021-fall,Q1 coldest,8,100%,100%,100%,88%,224,83,100%
2021-fall,Q2,8,100%,100%,100%,88%,200,11,100%
2021-fall,Q3,8,100%,100%,100%,100%,300,34,100%
2021-fall,Q4,8,100%,100%,100%,100%,293,2,100%
2021-fall,Q5 hottest,8,100%,100%,100%,100%,216,1,100%
2021-spring,Q1 coldest,10,90%,90%,80%,40%,59,60,100%
2021-spring,Q2,9,100%,100%,100%,67%,215,6,100%
2021-spring,Q3,10,100%,100%,100%,100%,450,16,100%
2021-spring,Q4,9,100%,100%,100%,100%,365,1,100%
2021-spring,Q5 hottest,9,100%,100%,100%,78%,296,0,100%
2021-summer,Q1 coldest,8,100%,88%,88%,88%,243,16,100%
2021-summer,Q2,7,100%,100%,100%,100%,188,1,100%
2021-summer,Q3,7,100%,100%,100%,100%,351,44,100%
2021-summer,Q4,7,100%,100%,100%,100%,228,1,100%
2021-summer,Q5 hottest,7,100%,100%,100%,100%,260,1,100%
2021-winter,Q1 coldest,10,100%,80%,80%,70%,256,98,100%
2021-winter,Q2,9,100%,89%,89%,89%,376,90,100%
2021-winter,Q3,9,100%,100%,100%,100%,357,6,100%
2021-winter,Q4,9,100%,100%,100%,100%,442,3,100%
2021-winter,Q5 hottest,9,100%,100%,100%,100%,398,0,100%
2022-fall,Q1 coldest,8,100%,100%,88%,88%,386,71,100%
2022-fall,Q2,8,100%,100%,88%,88%,266,26,100%
2022-fall,Q3,8,100%,100%,100%,100%,257,16,100%
2022-fall,Q4,8,100%,100%,100%,100%,352,1,100%
2022-fall,Q5 hottest,8,100%,100%,100%,100%,504,0,100%
2022-spring,Q1 coldest,9,100%,89%,78%,78%,161,48,100%
2022-spring,Q2,9,100%,100%,100%,100%,282,4,100%
2022-spring,Q3,9,100%,100%,100%,100%,361,9,100%
2022-spring,Q4,9,100%,100%,100%,100%,367,2,100%
2022-spring,Q5 hottest,8,100%,100%,100%,100%,341,1,100%
2022-summer,Q1 coldest,9,100%,100%,89%,78%,151,27,100%
2022-summer,Q2,8,100%,100%,100%,88%,239,42,100%
2022-summer,Q3,8,100%,100%,100%,88%,216,0,100%
2022-summer,Q4,8,100%,100%,100%,100%,326,6,100%
2022-summer,Q5 hottest,8,100%,100%,100%,100%,403,1,100%
2022-winter,Q1 coldest,7,100%,86%,86%,57%,165,28,100%
2022-winter,Q2,7,100%,100%,100%,100%,351,17,100%
2022-winter,Q3,7,100%,100%,100%,86%,367,1,100%
2022-winter,Q4,7,100%,100%,100%,100%,311,14,100%
2022-winter,Q5 hottest,7,100%,100%,86%,86%,287,1,100%
2023-fall,Q1 coldest,12,100%,92%,92%,92%,202,45,100%
2023-fall,Q2,12,100%,100%,100%,100%,292,14,100%
2023-fall,Q3,12,100%,100%,100%,100%,358,8,100%
2023-fall,Q4,12,100%,100%,100%,100%,282,0,100%
2023-fall,Q5 hottest,12,100%,100%,100%,100%,360,0,100%
2023-spring,Q1 coldest,11,100%,91%,73%,64%,133,28,100%
2023-spring,Q2,11,100%,100%,100%,91%,283,2,100%
2023-spring,Q3,10,100%,100%,100%,100%,348,6,100%
2023-spring,Q4,11,100%,100%,100%,100%,345,3,100%
2023-spring,Q5 hottest,10,100%,100%,100%,100%,279,0,100%
2023-summer,Q1 coldest,9,100%,100%,100%,89%,212,9,100%
2023-summer,Q2,8,100%,100%,100%,100%,400,20,100%
2023-summer,Q3,8,100%,100%,100%,100%,272,4,100%
2023-summer,Q4,8,100%,100%,100%,100%,341,8,100%
2023-summer,Q5 hottest,8,100%,100%,100%,100%,210,0,100%
2023-winter,Q1 coldest,10,100%,100%,90%,80%,330,25,100%
2023-winter,Q2,10,100%,100%,100%,100%,274,6,100%
2023-winter,Q3,10,100%,100%,100%,100%,380,2,100%
2023-winter,Q4,10,100%,100%,100%,100%,248,0,100%
2023-winter,Q5 hottest,9,100%,100%,100%,78%,319,0,100%
2024-fall,Q1 coldest,11,91%,91%,91%,82%,231,73,100%
2024-fall,Q2,11,100%,100%,91%,91%,310,35,100%
2024-fall,Q3,10,100%,100%,100%,90%,304,6,100%
2024-fall,Q4,11,100%,100%,100%,100%,364,8,100%
2024-fall,Q5 hottest,10,100%,100%,100%,100%,558,4,100%
2024-spring,Q1 coldest,11,100%,91%,91%,91%,341,51,100%
2024-spring,Q2,11,100%,100%,100%,100%,251,8,100%
2024-spring,Q3,11,100%,100%,100%,91%,457,13,100%
2024-spring,Q4,11,100%,100%,100%,100%,380,2,100%
2024-spring,Q5 hottest,11,100%,100%,100%,100%,513,0,100%
2024-summer,Q1 coldest,9,89%,89%,89%,89%,220,63,100%
2024-summer,Q2,9,100%,100%,100%,100%,360,35,100%
2024-summer,Q3,9,100%,100%,100%,100%,377,8,100%
2024-summer,Q4,9,100%,100%,100%,100%,359,3,100%
2024-summer,Q5 hottest,9,100%,100%,100%,100%,452,0,100%
2024-winter,Q1 coldest,10,100%,100%,100%,80%,221,7,100%
2024-winter,Q2,9,100%,100%,100%,100%,196,1,100%
2024-winter,Q3,9,100%,100%,100%,100%,325,5,100%
2024-winter,Q4,9,100%,100%,100%,100%,400,3,100%
2024-winter,Q5 hottest,9,100%,100%,100%,100%,552,0,100%
2025-fall,Q1 coldest,10,90%,100%,100%,90%,216,85,70%
2025-fall,Q2,9,100%,100%,100%,100%,261,15,78%
2025-fall,Q3,9,100%,100%,100%,100%,347,19,78%
2025-fall,Q4,9,100%,100%,100%,100%,290,1,100%
2025-fall,Q5 hottest,9,100%,100%,100%,100%,482,6,89%
2025-spring,Q1 coldest,10,100%,100%,100%,100%,245,90,100%
2025-spring,Q2,10,100%,100%,100%,100%,284,15,100%
2025-spring,Q3,9,100%,100%,100%,100%,246,9,100%
2025-spring,Q4,10,100%,100%,100%,100%,249,12,100%
2025-spring,Q5 hottest,9,100%,100%,100%,100%,280,5,100%
2025-summer,Q1 coldest,11,100%,91%,91%,82%,279,50,100%
2025-summer,Q2,11,100%,100%,100%,100%,304,32,100%
2025-summer,Q3,11,100%,100%,100%,100%,340,22,100%
2025-summer,Q4,11,100%,100%,100%,100%,372,6,100%
2025-summer,Q5 hottest,10,100%,100%,100%,100%,374,5,100%
2025-winter,Q1 coldest,10,100%,100%,100%,90%,324,84,100%
2025-winter,Q2,9,100%,100%,100%,100%,316,23,100%
2025-winter,Q3,10,100%,100%,90%,90%,291,21,100%
2025-winter,Q4,9,100%,100%,100%,100%,237,6,100%
2025-winter,Q5 hottest,9,100%,100%,100%,100%,292,5,100%
all,Q1 coldest,193,98%,94%,90%,81%,214,49,98%
all,Q2,185,100%,99%,98%,95%,280,15,99%
all,Q3,184,100%,100%,99%,97%,336,9,99%
all,Q4,185,100%,100%,100%,100%,334,4,100%
all,Q5 hottest,179,100%,100%,99%,97%,365,1,99%
all,all,926,100%,99%,97%,94%,298,7,99%
